start,type,end
d18,DIRECTED,m0
a107,ACTED_IN,m0
a135,ACTED_IN,m0
a86,ACTED_IN,m0
a96,ACTED_IN,m0
m0,HAS_GENRE,g2
d21,DIRECTED,m1
a71,ACTED_IN,m1
a141,ACTED_IN,m1
a30,ACTED_IN,m1
m1,HAS_GENRE,g1
d22,DIRECTED,m2
a44,ACTED_IN,m2
a148,ACTED_IN,m2
a142,ACTED_IN,m2
a19,ACTED_IN,m2
a136,ACTED_IN,m2
m2,HAS_GENRE,g4
d20,DIRECTED,m3
a109,ACTED_IN,m3
a115,ACTED_IN,m3
m3,HAS_GENRE,g7
d24,DIRECTED,m4
a83,ACTED_IN,m4
a9,ACTED_IN,m4
a113,ACTED_IN,m4
m4,HAS_GENRE,g4
d38,DIRECTED,m5
a90,ACTED_IN,m5
a52,ACTED_IN,m5
a144,ACTED_IN,m5
a120,ACTED_IN,m5
m5,HAS_GENRE,g1
d24,DIRECTED,m6
a22,ACTED_IN,m6
a11,ACTED_IN,m6
a15,ACTED_IN,m6
a1,ACTED_IN,m6
a130,ACTED_IN,m6
m6,HAS_GENRE,g4
d33,DIRECTED,m7
a47,ACTED_IN,m7
a38,ACTED_IN,m7
a57,ACTED_IN,m7
a53,ACTED_IN,m7
a61,ACTED_IN,m7
m7,HAS_GENRE,g11
d6,DIRECTED,m8
a114,ACTED_IN,m8
a111,ACTED_IN,m8
m8,HAS_GENRE,g8
d31,DIRECTED,m9
a134,ACTED_IN,m9
a73,ACTED_IN,m9
a70,ACTED_IN,m9
m9,HAS_GENRE,g4
d28,DIRECTED,m10
a60,ACTED_IN,m10
a141,ACTED_IN,m10
a75,ACTED_IN,m10
a91,ACTED_IN,m10
m10,HAS_GENRE,g2
d8,DIRECTED,m11
a107,ACTED_IN,m11
a1,ACTED_IN,m11
a123,ACTED_IN,m11
a148,ACTED_IN,m11
m11,HAS_GENRE,g10
d1,DIRECTED,m12
a125,ACTED_IN,m12
a29,ACTED_IN,m12
a104,ACTED_IN,m12
m12,HAS_GENRE,g0
d31,DIRECTED,m13
a41,ACTED_IN,m13
a22,ACTED_IN,m13
m13,HAS_GENRE,g0
d11,DIRECTED,m14
a136,ACTED_IN,m14
a145,ACTED_IN,m14
a60,ACTED_IN,m14
a24,ACTED_IN,m14
m14,HAS_GENRE,g8
d18,DIRECTED,m15
a2,ACTED_IN,m15
a72,ACTED_IN,m15
a48,ACTED_IN,m15
a60,ACTED_IN,m15
m15,HAS_GENRE,g7
d7,DIRECTED,m16
a9,ACTED_IN,m16
a95,ACTED_IN,m16
a124,ACTED_IN,m16
m16,HAS_GENRE,g4
d27,DIRECTED,m17
a129,ACTED_IN,m17
a41,ACTED_IN,m17
m17,HAS_GENRE,g0
d19,DIRECTED,m18
a112,ACTED_IN,m18
a140,ACTED_IN,m18
m18,HAS_GENRE,g6
d6,DIRECTED,m19
a11,ACTED_IN,m19
a149,ACTED_IN,m19
m19,HAS_GENRE,g2
d36,DIRECTED,m20
a101,ACTED_IN,m20
a58,ACTED_IN,m20
a99,ACTED_IN,m20
a55,ACTED_IN,m20
m20,HAS_GENRE,g4
d6,DIRECTED,m21
a79,ACTED_IN,m21
a18,ACTED_IN,m21
a129,ACTED_IN,m21
m21,HAS_GENRE,g9
d16,DIRECTED,m22
a73,ACTED_IN,m22
a110,ACTED_IN,m22
a4,ACTED_IN,m22
a16,ACTED_IN,m22
a5,ACTED_IN,m22
m22,HAS_GENRE,g5
d7,DIRECTED,m23
a148,ACTED_IN,m23
a68,ACTED_IN,m23
a129,ACTED_IN,m23
a84,ACTED_IN,m23
m23,HAS_GENRE,g7
d22,DIRECTED,m24
a14,ACTED_IN,m24
a106,ACTED_IN,m24
a10,ACTED_IN,m24
m24,HAS_GENRE,g3
d12,DIRECTED,m25
a41,ACTED_IN,m25
a105,ACTED_IN,m25
m25,HAS_GENRE,g0
d19,DIRECTED,m26
a34,ACTED_IN,m26
a35,ACTED_IN,m26
a60,ACTED_IN,m26
a113,ACTED_IN,m26
m26,HAS_GENRE,g9
d4,DIRECTED,m27
a52,ACTED_IN,m27
a53,ACTED_IN,m27
a98,ACTED_IN,m27
a91,ACTED_IN,m27
m27,HAS_GENRE,g4
d38,DIRECTED,m28
a67,ACTED_IN,m28
a46,ACTED_IN,m28
a27,ACTED_IN,m28
a125,ACTED_IN,m28
m28,HAS_GENRE,g6
d25,DIRECTED,m29
a117,ACTED_IN,m29
a15,ACTED_IN,m29
m29,HAS_GENRE,g6
d7,DIRECTED,m30
a118,ACTED_IN,m30
a62,ACTED_IN,m30
a133,ACTED_IN,m30
m30,HAS_GENRE,g8
d32,DIRECTED,m31
a148,ACTED_IN,m31
a147,ACTED_IN,m31
a125,ACTED_IN,m31
m31,HAS_GENRE,g3
d19,DIRECTED,m32
a111,ACTED_IN,m32
a98,ACTED_IN,m32
m32,HAS_GENRE,g5
d18,DIRECTED,m33
a59,ACTED_IN,m33
a2,ACTED_IN,m33
a112,ACTED_IN,m33
a58,ACTED_IN,m33
m33,HAS_GENRE,g4
d12,DIRECTED,m34
a52,ACTED_IN,m34
a96,ACTED_IN,m34
a80,ACTED_IN,m34
a111,ACTED_IN,m34
m34,HAS_GENRE,g2
d26,DIRECTED,m35
a24,ACTED_IN,m35
a7,ACTED_IN,m35
a80,ACTED_IN,m35
a11,ACTED_IN,m35
m35,HAS_GENRE,g8
d31,DIRECTED,m36
a91,ACTED_IN,m36
a78,ACTED_IN,m36
a101,ACTED_IN,m36
a113,ACTED_IN,m36
a85,ACTED_IN,m36
m36,HAS_GENRE,g1
d5,DIRECTED,m37
a129,ACTED_IN,m37
a96,ACTED_IN,m37
a1,ACTED_IN,m37
a79,ACTED_IN,m37
m37,HAS_GENRE,g5
d29,DIRECTED,m38
a13,ACTED_IN,m38
a132,ACTED_IN,m38
a82,ACTED_IN,m38
a33,ACTED_IN,m38
a33,ACTED_IN,m38
m38,HAS_GENRE,g2
d16,DIRECTED,m39
a103,ACTED_IN,m39
a140,ACTED_IN,m39
a3,ACTED_IN,m39
m39,HAS_GENRE,g7
d5,DIRECTED,m40
a55,ACTED_IN,m40
a137,ACTED_IN,m40
a13,ACTED_IN,m40
a61,ACTED_IN,m40
m40,HAS_GENRE,g2
d9,DIRECTED,m41
a64,ACTED_IN,m41
a87,ACTED_IN,m41
m41,HAS_GENRE,g10
d24,DIRECTED,m42
a43,ACTED_IN,m42
a5,ACTED_IN,m42
a7,ACTED_IN,m42
m42,HAS_GENRE,g3
d13,DIRECTED,m43
a118,ACTED_IN,m43
a65,ACTED_IN,m43
a47,ACTED_IN,m43
a75,ACTED_IN,m43
m43,HAS_GENRE,g4
d0,DIRECTED,m44
a147,ACTED_IN,m44
a15,ACTED_IN,m44
a111,ACTED_IN,m44
a142,ACTED_IN,m44
m44,HAS_GENRE,g3
d26,DIRECTED,m45
a14,ACTED_IN,m45
a72,ACTED_IN,m45
a87,ACTED_IN,m45
a14,ACTED_IN,m45
m45,HAS_GENRE,g6
d15,DIRECTED,m46
a49,ACTED_IN,m46
a128,ACTED_IN,m46
a54,ACTED_IN,m46
m46,HAS_GENRE,g11
d1,DIRECTED,m47
a45,ACTED_IN,m47
a92,ACTED_IN,m47
m47,HAS_GENRE,g11
d28,DIRECTED,m48
a134,ACTED_IN,m48
a104,ACTED_IN,m48
m48,HAS_GENRE,g7
d8,DIRECTED,m49
a83,ACTED_IN,m49
a42,ACTED_IN,m49
m49,HAS_GENRE,g3
d6,DIRECTED,m50
a24,ACTED_IN,m50
a64,ACTED_IN,m50
a17,ACTED_IN,m50
m50,HAS_GENRE,g6
d34,DIRECTED,m51
a12,ACTED_IN,m51
a109,ACTED_IN,m51
a117,ACTED_IN,m51
m51,HAS_GENRE,g10
d2,DIRECTED,m52
a131,ACTED_IN,m52
a97,ACTED_IN,m52
a127,ACTED_IN,m52
a132,ACTED_IN,m52
a125,ACTED_IN,m52
m52,HAS_GENRE,g11
d29,DIRECTED,m53
a82,ACTED_IN,m53
a102,ACTED_IN,m53
a149,ACTED_IN,m53
a62,ACTED_IN,m53
a78,ACTED_IN,m53
m53,HAS_GENRE,g7
d8,DIRECTED,m54
a86,ACTED_IN,m54
a110,ACTED_IN,m54
a1,ACTED_IN,m54
a74,ACTED_IN,m54
a124,ACTED_IN,m54
m54,HAS_GENRE,g2
d27,DIRECTED,m55
a36,ACTED_IN,m55
a41,ACTED_IN,m55
a105,ACTED_IN,m55
a73,ACTED_IN,m55
m55,HAS_GENRE,g8
d28,DIRECTED,m56
a79,ACTED_IN,m56
a109,ACTED_IN,m56
m56,HAS_GENRE,g5
d17,DIRECTED,m57
a43,ACTED_IN,m57
a72,ACTED_IN,m57
m57,HAS_GENRE,g5
d26,DIRECTED,m58
a145,ACTED_IN,m58
a84,ACTED_IN,m58
a62,ACTED_IN,m58
a115,ACTED_IN,m58
m58,HAS_GENRE,g8
d17,DIRECTED,m59
a90,ACTED_IN,m59
a104,ACTED_IN,m59
a81,ACTED_IN,m59
a71,ACTED_IN,m59
a136,ACTED_IN,m59
m59,HAS_GENRE,g5
d3,DIRECTED,m60
a107,ACTED_IN,m60
a135,ACTED_IN,m60
a79,ACTED_IN,m60
m60,HAS_GENRE,g6
d24,DIRECTED,m61
a42,ACTED_IN,m61
a58,ACTED_IN,m61
a69,ACTED_IN,m61
a55,ACTED_IN,m61
m61,HAS_GENRE,g3
d25,DIRECTED,m62
a47,ACTED_IN,m62
a133,ACTED_IN,m62
a130,ACTED_IN,m62
a42,ACTED_IN,m62
m62,HAS_GENRE,g5
d12,DIRECTED,m63
a53,ACTED_IN,m63
a142,ACTED_IN,m63
a104,ACTED_IN,m63
a97,ACTED_IN,m63
a41,ACTED_IN,m63
m63,HAS_GENRE,g9
d2,DIRECTED,m64
a29,ACTED_IN,m64
a43,ACTED_IN,m64
a75,ACTED_IN,m64
a56,ACTED_IN,m64
a120,ACTED_IN,m64
m64,HAS_GENRE,g9
d18,DIRECTED,m65
a44,ACTED_IN,m65
a107,ACTED_IN,m65
a108,ACTED_IN,m65
m65,HAS_GENRE,g4
d33,DIRECTED,m66
a109,ACTED_IN,m66
a40,ACTED_IN,m66
m66,HAS_GENRE,g11
d33,DIRECTED,m67
a140,ACTED_IN,m67
a110,ACTED_IN,m67
a40,ACTED_IN,m67
a43,ACTED_IN,m67
a122,ACTED_IN,m67
m67,HAS_GENRE,g4
d33,DIRECTED,m68
a66,ACTED_IN,m68
a31,ACTED_IN,m68
a135,ACTED_IN,m68
a143,ACTED_IN,m68
a146,ACTED_IN,m68
m68,HAS_GENRE,g7
d34,DIRECTED,m69
a115,ACTED_IN,m69
a124,ACTED_IN,m69
a75,ACTED_IN,m69
a113,ACTED_IN,m69
a48,ACTED_IN,m69
m69,HAS_GENRE,g3
d26,DIRECTED,m70
a113,ACTED_IN,m70
a96,ACTED_IN,m70
a79,ACTED_IN,m70
m70,HAS_GENRE,g6
d18,DIRECTED,m71
a139,ACTED_IN,m71
a21,ACTED_IN,m71
a47,ACTED_IN,m71
a141,ACTED_IN,m71
a134,ACTED_IN,m71
m71,HAS_GENRE,g0
d11,DIRECTED,m72
a29,ACTED_IN,m72
a144,ACTED_IN,m72
m72,HAS_GENRE,g1
d35,DIRECTED,m73
a55,ACTED_IN,m73
a70,ACTED_IN,m73
a48,ACTED_IN,m73
a33,ACTED_IN,m73
a38,ACTED_IN,m73
m73,HAS_GENRE,g9
d39,DIRECTED,m74
a12,ACTED_IN,m74
a92,ACTED_IN,m74
a130,ACTED_IN,m74
a113,ACTED_IN,m74
m74,HAS_GENRE,g5
d1,DIRECTED,m75
a115,ACTED_IN,m75
a73,ACTED_IN,m75
m75,HAS_GENRE,g3
d2,DIRECTED,m76
a100,ACTED_IN,m76
a23,ACTED_IN,m76
a3,ACTED_IN,m76
m76,HAS_GENRE,g9
d32,DIRECTED,m77
a68,ACTED_IN,m77
a22,ACTED_IN,m77
a52,ACTED_IN,m77
m77,HAS_GENRE,g2
d38,DIRECTED,m78
a82,ACTED_IN,m78
a100,ACTED_IN,m78
a42,ACTED_IN,m78
a137,ACTED_IN,m78
a115,ACTED_IN,m78
m78,HAS_GENRE,g11
d31,DIRECTED,m79
a91,ACTED_IN,m79
a77,ACTED_IN,m79
m79,HAS_GENRE,g10
d8,DIRECTED,m80
a22,ACTED_IN,m80
a9,ACTED_IN,m80
m80,HAS_GENRE,g7
d4,DIRECTED,m81
a22,ACTED_IN,m81
a82,ACTED_IN,m81
a95,ACTED_IN,m81
a68,ACTED_IN,m81
m81,HAS_GENRE,g7
d24,DIRECTED,m82
a145,ACTED_IN,m82
a62,ACTED_IN,m82
a74,ACTED_IN,m82
a100,ACTED_IN,m82
m82,HAS_GENRE,g4
d10,DIRECTED,m83
a122,ACTED_IN,m83
a102,ACTED_IN,m83
a65,ACTED_IN,m83
a137,ACTED_IN,m83
m83,HAS_GENRE,g11
d34,DIRECTED,m84
a72,ACTED_IN,m84
a16,ACTED_IN,m84
a53,ACTED_IN,m84
a101,ACTED_IN,m84
a118,ACTED_IN,m84
m84,HAS_GENRE,g6
d10,DIRECTED,m85
a51,ACTED_IN,m85
a16,ACTED_IN,m85
m85,HAS_GENRE,g6
d10,DIRECTED,m86
a15,ACTED_IN,m86
a99,ACTED_IN,m86
a80,ACTED_IN,m86
a123,ACTED_IN,m86
a46,ACTED_IN,m86
m86,HAS_GENRE,g2
d9,DIRECTED,m87
a56,ACTED_IN,m87
a94,ACTED_IN,m87
m87,HAS_GENRE,g2
d38,DIRECTED,m88
a83,ACTED_IN,m88
a60,ACTED_IN,m88
a2,ACTED_IN,m88
m88,HAS_GENRE,g11
d31,DIRECTED,m89
a58,ACTED_IN,m89
a76,ACTED_IN,m89
a135,ACTED_IN,m89
m89,HAS_GENRE,g5
d20,DIRECTED,m90
a55,ACTED_IN,m90
a44,ACTED_IN,m90
m90,HAS_GENRE,g11
d24,DIRECTED,m91
a46,ACTED_IN,m91
a104,ACTED_IN,m91
a144,ACTED_IN,m91
m91,HAS_GENRE,g3
d4,DIRECTED,m92
a121,ACTED_IN,m92
a65,ACTED_IN,m92
a115,ACTED_IN,m92
a19,ACTED_IN,m92
a135,ACTED_IN,m92
m92,HAS_GENRE,g7
d18,DIRECTED,m93
a98,ACTED_IN,m93
a9,ACTED_IN,m93
a148,ACTED_IN,m93
m93,HAS_GENRE,g4
d31,DIRECTED,m94
a8,ACTED_IN,m94
a118,ACTED_IN,m94
a99,ACTED_IN,m94
a66,ACTED_IN,m94
a53,ACTED_IN,m94
m94,HAS_GENRE,g5
d3,DIRECTED,m95
a60,ACTED_IN,m95
a78,ACTED_IN,m95
a20,ACTED_IN,m95
a27,ACTED_IN,m95
a43,ACTED_IN,m95
m95,HAS_GENRE,g5
d34,DIRECTED,m96
a29,ACTED_IN,m96
a17,ACTED_IN,m96
a146,ACTED_IN,m96
a26,ACTED_IN,m96
a137,ACTED_IN,m96
m96,HAS_GENRE,g9
d12,DIRECTED,m97
a108,ACTED_IN,m97
a122,ACTED_IN,m97
a48,ACTED_IN,m97
a30,ACTED_IN,m97
m97,HAS_GENRE,g0
d1,DIRECTED,m98
a126,ACTED_IN,m98
a73,ACTED_IN,m98
a77,ACTED_IN,m98
m98,HAS_GENRE,g2
d28,DIRECTED,m99
a30,ACTED_IN,m99
a130,ACTED_IN,m99
a72,ACTED_IN,m99
a47,ACTED_IN,m99
a82,ACTED_IN,m99
m99,HAS_GENRE,g8
d0,DIRECTED,m100
a28,ACTED_IN,m100
a89,ACTED_IN,m100
a40,ACTED_IN,m100
a111,ACTED_IN,m100
m100,HAS_GENRE,g0
d20,DIRECTED,m101
a103,ACTED_IN,m101
a139,ACTED_IN,m101
m101,HAS_GENRE,g10
d34,DIRECTED,m102
a98,ACTED_IN,m102
a81,ACTED_IN,m102
m102,HAS_GENRE,g1
d26,DIRECTED,m103
a116,ACTED_IN,m103
a149,ACTED_IN,m103
a85,ACTED_IN,m103
a133,ACTED_IN,m103
a90,ACTED_IN,m103
m103,HAS_GENRE,g9
d5,DIRECTED,m104
a24,ACTED_IN,m104
a122,ACTED_IN,m104
a42,ACTED_IN,m104
a133,ACTED_IN,m104
m104,HAS_GENRE,g9
d0,DIRECTED,m105
a130,ACTED_IN,m105
a120,ACTED_IN,m105
m105,HAS_GENRE,g8
d25,DIRECTED,m106
a14,ACTED_IN,m106
a113,ACTED_IN,m106
a67,ACTED_IN,m106
a93,ACTED_IN,m106
m106,HAS_GENRE,g3
d20,DIRECTED,m107
a14,ACTED_IN,m107
a96,ACTED_IN,m107
a37,ACTED_IN,m107
m107,HAS_GENRE,g0
d22,DIRECTED,m108
a146,ACTED_IN,m108
a18,ACTED_IN,m108
a134,ACTED_IN,m108
a92,ACTED_IN,m108
a65,ACTED_IN,m108
m108,HAS_GENRE,g3
d14,DIRECTED,m109
a125,ACTED_IN,m109
a6,ACTED_IN,m109
a36,ACTED_IN,m109
m109,HAS_GENRE,g8
d18,DIRECTED,m110
a38,ACTED_IN,m110
a21,ACTED_IN,m110
a4,ACTED_IN,m110
a7,ACTED_IN,m110
a103,ACTED_IN,m110
m110,HAS_GENRE,g3
d22,DIRECTED,m111
a141,ACTED_IN,m111
a107,ACTED_IN,m111
a31,ACTED_IN,m111
m111,HAS_GENRE,g10
d6,DIRECTED,m112
a95,ACTED_IN,m112
a41,ACTED_IN,m112
a36,ACTED_IN,m112
m112,HAS_GENRE,g5
d16,DIRECTED,m113
a123,ACTED_IN,m113
a128,ACTED_IN,m113
a41,ACTED_IN,m113
a93,ACTED_IN,m113
a50,ACTED_IN,m113
m113,HAS_GENRE,g1
d28,DIRECTED,m114
a111,ACTED_IN,m114
a112,ACTED_IN,m114
a40,ACTED_IN,m114
m114,HAS_GENRE,g2
d3,DIRECTED,m115
a109,ACTED_IN,m115
a8,ACTED_IN,m115
a33,ACTED_IN,m115
a110,ACTED_IN,m115
a106,ACTED_IN,m115
m115,HAS_GENRE,g3
d23,DIRECTED,m116
a28,ACTED_IN,m116
a33,ACTED_IN,m116
m116,HAS_GENRE,g7
d7,DIRECTED,m117
a36,ACTED_IN,m117
a53,ACTED_IN,m117
a84,ACTED_IN,m117
m117,HAS_GENRE,g5
d31,DIRECTED,m118
a25,ACTED_IN,m118
a4,ACTED_IN,m118
a56,ACTED_IN,m118
m118,HAS_GENRE,g9
d8,DIRECTED,m119
a61,ACTED_IN,m119
a27,ACTED_IN,m119
a79,ACTED_IN,m119
a62,ACTED_IN,m119
m119,HAS_GENRE,g1
d22,DIRECTED,m120
a55,ACTED_IN,m120
a0,ACTED_IN,m120
m120,HAS_GENRE,g0
d8,DIRECTED,m121
a148,ACTED_IN,m121
a6,ACTED_IN,m121
a67,ACTED_IN,m121
m121,HAS_GENRE,g10
d31,DIRECTED,m122
a52,ACTED_IN,m122
a103,ACTED_IN,m122
a39,ACTED_IN,m122
m122,HAS_GENRE,g1
d17,DIRECTED,m123
a84,ACTED_IN,m123
a149,ACTED_IN,m123
m123,HAS_GENRE,g8
d36,DIRECTED,m124
a51,ACTED_IN,m124
a111,ACTED_IN,m124
a50,ACTED_IN,m124
m124,HAS_GENRE,g3
d28,DIRECTED,m125
a85,ACTED_IN,m125
a121,ACTED_IN,m125
a127,ACTED_IN,m125
m125,HAS_GENRE,g5
d27,DIRECTED,m126
a134,ACTED_IN,m126
a103,ACTED_IN,m126
a146,ACTED_IN,m126
a140,ACTED_IN,m126
a35,ACTED_IN,m126
m126,HAS_GENRE,g6
d2,DIRECTED,m127
a95,ACTED_IN,m127
a107,ACTED_IN,m127
m127,HAS_GENRE,g7
d23,DIRECTED,m128
a114,ACTED_IN,m128
a106,ACTED_IN,m128
a140,ACTED_IN,m128
m128,HAS_GENRE,g8
d5,DIRECTED,m129
a127,ACTED_IN,m129
a33,ACTED_IN,m129
m129,HAS_GENRE,g10
d36,DIRECTED,m130
a73,ACTED_IN,m130
a82,ACTED_IN,m130
a1,ACTED_IN,m130
a146,ACTED_IN,m130
a145,ACTED_IN,m130
m130,HAS_GENRE,g8
d8,DIRECTED,m131
a104,ACTED_IN,m131
a46,ACTED_IN,m131
a44,ACTED_IN,m131
a66,ACTED_IN,m131
m131,HAS_GENRE,g0
d12,DIRECTED,m132
a61,ACTED_IN,m132
a130,ACTED_IN,m132
a127,ACTED_IN,m132
a105,ACTED_IN,m132
m132,HAS_GENRE,g3
d11,DIRECTED,m133
a11,ACTED_IN,m133
a61,ACTED_IN,m133
a95,ACTED_IN,m133
m133,HAS_GENRE,g3
d21,DIRECTED,m134
a99,ACTED_IN,m134
a61,ACTED_IN,m134
a121,ACTED_IN,m134
m134,HAS_GENRE,g11
d23,DIRECTED,m135
a30,ACTED_IN,m135
a5,ACTED_IN,m135
m135,HAS_GENRE,g10
d38,DIRECTED,m136
a26,ACTED_IN,m136
a28,ACTED_IN,m136
m136,HAS_GENRE,g2
d14,DIRECTED,m137
a91,ACTED_IN,m137
a120,ACTED_IN,m137
a141,ACTED_IN,m137
m137,HAS_GENRE,g8
d28,DIRECTED,m138
a121,ACTED_IN,m138
a26,ACTED_IN,m138
a21,ACTED_IN,m138
m138,HAS_GENRE,g11
d37,DIRECTED,m139
a100,ACTED_IN,m139
a140,ACTED_IN,m139
a39,ACTED_IN,m139
m139,HAS_GENRE,g11
d16,DIRECTED,m140
a96,ACTED_IN,m140
a111,ACTED_IN,m140
a142,ACTED_IN,m140
a74,ACTED_IN,m140
a42,ACTED_IN,m140
m140,HAS_GENRE,g9
d26,DIRECTED,m141
a76,ACTED_IN,m141
a114,ACTED_IN,m141
a122,ACTED_IN,m141
m141,HAS_GENRE,g0
d29,DIRECTED,m142
a26,ACTED_IN,m142
a20,ACTED_IN,m142
a126,ACTED_IN,m142
a12,ACTED_IN,m142
a5,ACTED_IN,m142
m142,HAS_GENRE,g2
d18,DIRECTED,m143
a78,ACTED_IN,m143
a138,ACTED_IN,m143
m143,HAS_GENRE,g7
d0,DIRECTED,m144
a132,ACTED_IN,m144
a70,ACTED_IN,m144
a2,ACTED_IN,m144
a9,ACTED_IN,m144
a64,ACTED_IN,m144
m144,HAS_GENRE,g1
d1,DIRECTED,m145
a70,ACTED_IN,m145
a91,ACTED_IN,m145
m145,HAS_GENRE,g1
d11,DIRECTED,m146
a56,ACTED_IN,m146
a7,ACTED_IN,m146
m146,HAS_GENRE,g3
d12,DIRECTED,m147
a125,ACTED_IN,m147
a3,ACTED_IN,m147
a146,ACTED_IN,m147
m147,HAS_GENRE,g10
d35,DIRECTED,m148
a113,ACTED_IN,m148
a51,ACTED_IN,m148
a91,ACTED_IN,m148
a133,ACTED_IN,m148
m148,HAS_GENRE,g5
d12,DIRECTED,m149
a11,ACTED_IN,m149
a24,ACTED_IN,m149
a121,ACTED_IN,m149
a56,ACTED_IN,m149
a122,ACTED_IN,m149
m149,HAS_GENRE,g1
d21,DIRECTED,m150
a114,ACTED_IN,m150
a42,ACTED_IN,m150
a29,ACTED_IN,m150
m150,HAS_GENRE,g5
d3,DIRECTED,m151
a119,ACTED_IN,m151
a123,ACTED_IN,m151
a106,ACTED_IN,m151
a12,ACTED_IN,m151
a91,ACTED_IN,m151
m151,HAS_GENRE,g3
d27,DIRECTED,m152
a105,ACTED_IN,m152
a22,ACTED_IN,m152
a117,ACTED_IN,m152
a98,ACTED_IN,m152
a106,ACTED_IN,m152
m152,HAS_GENRE,g3
d1,DIRECTED,m153
a133,ACTED_IN,m153
a85,ACTED_IN,m153
m153,HAS_GENRE,g11
d1,DIRECTED,m154
a118,ACTED_IN,m154
a126,ACTED_IN,m154
a17,ACTED_IN,m154
m154,HAS_GENRE,g1
d25,DIRECTED,m155
a95,ACTED_IN,m155
a94,ACTED_IN,m155
a72,ACTED_IN,m155
a49,ACTED_IN,m155
m155,HAS_GENRE,g4
d14,DIRECTED,m156
a133,ACTED_IN,m156
a138,ACTED_IN,m156
a130,ACTED_IN,m156
a58,ACTED_IN,m156
m156,HAS_GENRE,g3
d36,DIRECTED,m157
a15,ACTED_IN,m157
a104,ACTED_IN,m157
a105,ACTED_IN,m157
m157,HAS_GENRE,g7
d9,DIRECTED,m158
a83,ACTED_IN,m158
a136,ACTED_IN,m158
a59,ACTED_IN,m158
a122,ACTED_IN,m158
m158,HAS_GENRE,g9
d16,DIRECTED,m159
a140,ACTED_IN,m159
a106,ACTED_IN,m159
a29,ACTED_IN,m159
a147,ACTED_IN,m159
a127,ACTED_IN,m159
m159,HAS_GENRE,g10
d10,DIRECTED,m160
a59,ACTED_IN,m160
a53,ACTED_IN,m160
a71,ACTED_IN,m160
m160,HAS_GENRE,g9
d31,DIRECTED,m161
a48,ACTED_IN,m161
a70,ACTED_IN,m161
a140,ACTED_IN,m161
a26,ACTED_IN,m161
m161,HAS_GENRE,g5
d27,DIRECTED,m162
a76,ACTED_IN,m162
a5,ACTED_IN,m162
m162,HAS_GENRE,g5
d33,DIRECTED,m163
a18,ACTED_IN,m163
a92,ACTED_IN,m163
a51,ACTED_IN,m163
m163,HAS_GENRE,g11
d27,DIRECTED,m164
a44,ACTED_IN,m164
a20,ACTED_IN,m164
m164,HAS_GENRE,g2
d19,DIRECTED,m165
a5,ACTED_IN,m165
a40,ACTED_IN,m165
a118,ACTED_IN,m165
a36,ACTED_IN,m165
m165,HAS_GENRE,g5
d37,DIRECTED,m166
a74,ACTED_IN,m166
a72,ACTED_IN,m166
a114,ACTED_IN,m166
m166,HAS_GENRE,g7
d5,DIRECTED,m167
a87,ACTED_IN,m167
a48,ACTED_IN,m167
a108,ACTED_IN,m167
a139,ACTED_IN,m167
a13,ACTED_IN,m167
m167,HAS_GENRE,g9
d7,DIRECTED,m168
a22,ACTED_IN,m168
a117,ACTED_IN,m168
a51,ACTED_IN,m168
a28,ACTED_IN,m168
m168,HAS_GENRE,g6
d37,DIRECTED,m169
a129,ACTED_IN,m169
a136,ACTED_IN,m169
a48,ACTED_IN,m169
m169,HAS_GENRE,g7
d16,DIRECTED,m170
a123,ACTED_IN,m170
a55,ACTED_IN,m170
a136,ACTED_IN,m170
a62,ACTED_IN,m170
m170,HAS_GENRE,g10
d35,DIRECTED,m171
a102,ACTED_IN,m171
a133,ACTED_IN,m171
a94,ACTED_IN,m171
a117,ACTED_IN,m171
m171,HAS_GENRE,g3
d36,DIRECTED,m172
a61,ACTED_IN,m172
a71,ACTED_IN,m172
a36,ACTED_IN,m172
m172,HAS_GENRE,g4
d15,DIRECTED,m173
a95,ACTED_IN,m173
a61,ACTED_IN,m173
m173,HAS_GENRE,g10
d22,DIRECTED,m174
a26,ACTED_IN,m174
a44,ACTED_IN,m174
a85,ACTED_IN,m174
a76,ACTED_IN,m174
m174,HAS_GENRE,g8
d2,DIRECTED,m175
a97,ACTED_IN,m175
a18,ACTED_IN,m175
a125,ACTED_IN,m175
a125,ACTED_IN,m175
a60,ACTED_IN,m175
m175,HAS_GENRE,g9
d3,DIRECTED,m176
a149,ACTED_IN,m176
a43,ACTED_IN,m176
a53,ACTED_IN,m176
a47,ACTED_IN,m176
m176,HAS_GENRE,g6
d38,DIRECTED,m177
a21,ACTED_IN,m177
a57,ACTED_IN,m177
a134,ACTED_IN,m177
m177,HAS_GENRE,g6
d18,DIRECTED,m178
a28,ACTED_IN,m178
a71,ACTED_IN,m178
m178,HAS_GENRE,g6
d24,DIRECTED,m179
a127,ACTED_IN,m179
a136,ACTED_IN,m179
a48,ACTED_IN,m179
m179,HAS_GENRE,g1
d39,DIRECTED,m180
a43,ACTED_IN,m180
a89,ACTED_IN,m180
a86,ACTED_IN,m180
m180,HAS_GENRE,g6
d35,DIRECTED,m181
a138,ACTED_IN,m181
a10,ACTED_IN,m181
a64,ACTED_IN,m181
a108,ACTED_IN,m181
m181,HAS_GENRE,g9
d37,DIRECTED,m182
a133,ACTED_IN,m182
a81,ACTED_IN,m182
a29,ACTED_IN,m182
a41,ACTED_IN,m182
a6,ACTED_IN,m182
m182,HAS_GENRE,g5
d30,DIRECTED,m183
a107,ACTED_IN,m183
a51,ACTED_IN,m183
a129,ACTED_IN,m183
a32,ACTED_IN,m183
a66,ACTED_IN,m183
m183,HAS_GENRE,g6
d3,DIRECTED,m184
a95,ACTED_IN,m184
a108,ACTED_IN,m184
a77,ACTED_IN,m184
a77,ACTED_IN,m184
a113,ACTED_IN,m184
m184,HAS_GENRE,g4
d26,DIRECTED,m185
a131,ACTED_IN,m185
a97,ACTED_IN,m185
m185,HAS_GENRE,g10
d0,DIRECTED,m186
a35,ACTED_IN,m186
a103,ACTED_IN,m186
m186,HAS_GENRE,g6
d24,DIRECTED,m187
a123,ACTED_IN,m187
a35,ACTED_IN,m187
a62,ACTED_IN,m187
a64,ACTED_IN,m187
m187,HAS_GENRE,g4
d13,DIRECTED,m188
a104,ACTED_IN,m188
a50,ACTED_IN,m188
a45,ACTED_IN,m188
a140,ACTED_IN,m188
m188,HAS_GENRE,g1
d36,DIRECTED,m189
a140,ACTED_IN,m189
a82,ACTED_IN,m189
m189,HAS_GENRE,g7
d31,DIRECTED,m190
a72,ACTED_IN,m190
a13,ACTED_IN,m190
a114,ACTED_IN,m190
m190,HAS_GENRE,g8
d21,DIRECTED,m191
a81,ACTED_IN,m191
a131,ACTED_IN,m191
a89,ACTED_IN,m191
a55,ACTED_IN,m191
a146,ACTED_IN,m191
m191,HAS_GENRE,g2
d7,DIRECTED,m192
a81,ACTED_IN,m192
a137,ACTED_IN,m192
a70,ACTED_IN,m192
m192,HAS_GENRE,g5
d38,DIRECTED,m193
a44,ACTED_IN,m193
a89,ACTED_IN,m193
m193,HAS_GENRE,g4
d35,DIRECTED,m194
a141,ACTED_IN,m194
a50,ACTED_IN,m194
a103,ACTED_IN,m194
m194,HAS_GENRE,g6
d7,DIRECTED,m195
a79,ACTED_IN,m195
a61,ACTED_IN,m195
a17,ACTED_IN,m195
a18,ACTED_IN,m195
a80,ACTED_IN,m195
m195,HAS_GENRE,g6
d37,DIRECTED,m196
a51,ACTED_IN,m196
a143,ACTED_IN,m196
a49,ACTED_IN,m196
a32,ACTED_IN,m196
m196,HAS_GENRE,g2
d24,DIRECTED,m197
a111,ACTED_IN,m197
a5,ACTED_IN,m197
m197,HAS_GENRE,g5
d18,DIRECTED,m198
a42,ACTED_IN,m198
a90,ACTED_IN,m198
a146,ACTED_IN,m198
m198,HAS_GENRE,g2
d10,DIRECTED,m199
a44,ACTED_IN,m199
a52,ACTED_IN,m199
m199,HAS_GENRE,g11
d23,DIRECTED,m200
a146,ACTED_IN,m200
a61,ACTED_IN,m200
a4,ACTED_IN,m200
a89,ACTED_IN,m200
a97,ACTED_IN,m200
m200,HAS_GENRE,g9
d32,DIRECTED,m201
a50,ACTED_IN,m201
a119,ACTED_IN,m201
a4,ACTED_IN,m201
a16,ACTED_IN,m201
m201,HAS_GENRE,g10
d32,DIRECTED,m202
a43,ACTED_IN,m202
a85,ACTED_IN,m202
m202,HAS_GENRE,g11
d5,DIRECTED,m203
a128,ACTED_IN,m203
a71,ACTED_IN,m203
a15,ACTED_IN,m203
a142,ACTED_IN,m203
a123,ACTED_IN,m203
m203,HAS_GENRE,g4
d13,DIRECTED,m204
a37,ACTED_IN,m204
a11,ACTED_IN,m204
a95,ACTED_IN,m204
a98,ACTED_IN,m204
a71,ACTED_IN,m204
m204,HAS_GENRE,g3
d21,DIRECTED,m205
a54,ACTED_IN,m205
a80,ACTED_IN,m205
a24,ACTED_IN,m205
m205,HAS_GENRE,g4
d11,DIRECTED,m206
a132,ACTED_IN,m206
a141,ACTED_IN,m206
a50,ACTED_IN,m206
m206,HAS_GENRE,g9
d34,DIRECTED,m207
a40,ACTED_IN,m207
a82,ACTED_IN,m207
m207,HAS_GENRE,g3
d22,DIRECTED,m208
a104,ACTED_IN,m208
a32,ACTED_IN,m208
a121,ACTED_IN,m208
a147,ACTED_IN,m208
a50,ACTED_IN,m208
m208,HAS_GENRE,g7
d13,DIRECTED,m209
a53,ACTED_IN,m209
a26,ACTED_IN,m209
a93,ACTED_IN,m209
a97,ACTED_IN,m209
m209,HAS_GENRE,g11
d34,DIRECTED,m210
a130,ACTED_IN,m210
a92,ACTED_IN,m210
m210,HAS_GENRE,g4
d7,DIRECTED,m211
a9,ACTED_IN,m211
a10,ACTED_IN,m211
a30,ACTED_IN,m211
a64,ACTED_IN,m211
m211,HAS_GENRE,g9
d21,DIRECTED,m212
a7,ACTED_IN,m212
a12,ACTED_IN,m212
a22,ACTED_IN,m212
a34,ACTED_IN,m212
m212,HAS_GENRE,g6
d5,DIRECTED,m213
a77,ACTED_IN,m213
a49,ACTED_IN,m213
a92,ACTED_IN,m213
m213,HAS_GENRE,g7
d37,DIRECTED,m214
a46,ACTED_IN,m214
a12,ACTED_IN,m214
a42,ACTED_IN,m214
m214,HAS_GENRE,g7
d24,DIRECTED,m215
a103,ACTED_IN,m215
a112,ACTED_IN,m215
a38,ACTED_IN,m215
a111,ACTED_IN,m215
m215,HAS_GENRE,g7
d30,DIRECTED,m216
a14,ACTED_IN,m216
a96,ACTED_IN,m216
m216,HAS_GENRE,g1
d3,DIRECTED,m217
a2,ACTED_IN,m217
a127,ACTED_IN,m217
a49,ACTED_IN,m217
a15,ACTED_IN,m217
m217,HAS_GENRE,g3
d9,DIRECTED,m218
a74,ACTED_IN,m218
a128,ACTED_IN,m218
a124,ACTED_IN,m218
a4,ACTED_IN,m218
a55,ACTED_IN,m218
m218,HAS_GENRE,g6
d13,DIRECTED,m219
a90,ACTED_IN,m219
a73,ACTED_IN,m219
a114,ACTED_IN,m219
a81,ACTED_IN,m219
m219,HAS_GENRE,g2
d37,DIRECTED,m220
a57,ACTED_IN,m220
a14,ACTED_IN,m220
m220,HAS_GENRE,g11
d5,DIRECTED,m221
a127,ACTED_IN,m221
a92,ACTED_IN,m221
a122,ACTED_IN,m221
m221,HAS_GENRE,g6
d13,DIRECTED,m222
a111,ACTED_IN,m222
a144,ACTED_IN,m222
a37,ACTED_IN,m222
m222,HAS_GENRE,g3
d39,DIRECTED,m223
a94,ACTED_IN,m223
a73,ACTED_IN,m223
a1,ACTED_IN,m223
a28,ACTED_IN,m223
a95,ACTED_IN,m223
m223,HAS_GENRE,g5
d33,DIRECTED,m224
a46,ACTED_IN,m224
a36,ACTED_IN,m224
a24,ACTED_IN,m224
a33,ACTED_IN,m224
a53,ACTED_IN,m224
m224,HAS_GENRE,g5
d20,DIRECTED,m225
a86,ACTED_IN,m225
a59,ACTED_IN,m225
m225,HAS_GENRE,g8
d32,DIRECTED,m226
a99,ACTED_IN,m226
a139,ACTED_IN,m226
a45,ACTED_IN,m226
a42,ACTED_IN,m226
a59,ACTED_IN,m226
m226,HAS_GENRE,g3
d0,DIRECTED,m227
a71,ACTED_IN,m227
a106,ACTED_IN,m227
m227,HAS_GENRE,g1
d1,DIRECTED,m228
a93,ACTED_IN,m228
a44,ACTED_IN,m228
a43,ACTED_IN,m228
a42,ACTED_IN,m228
m228,HAS_GENRE,g11
d12,DIRECTED,m229
a68,ACTED_IN,m229
a108,ACTED_IN,m229
a34,ACTED_IN,m229
m229,HAS_GENRE,g5
d7,DIRECTED,m230
a89,ACTED_IN,m230
a71,ACTED_IN,m230
a25,ACTED_IN,m230
a8,ACTED_IN,m230
m230,HAS_GENRE,g1
d19,DIRECTED,m231
a17,ACTED_IN,m231
a140,ACTED_IN,m231
a105,ACTED_IN,m231
a93,ACTED_IN,m231
m231,HAS_GENRE,g3
d1,DIRECTED,m232
a58,ACTED_IN,m232
a93,ACTED_IN,m232
a118,ACTED_IN,m232
m232,HAS_GENRE,g1
d18,DIRECTED,m233
a93,ACTED_IN,m233
a104,ACTED_IN,m233
a118,ACTED_IN,m233
a64,ACTED_IN,m233
a148,ACTED_IN,m233
m233,HAS_GENRE,g10
d11,DIRECTED,m234
a72,ACTED_IN,m234
a71,ACTED_IN,m234
a143,ACTED_IN,m234
a81,ACTED_IN,m234
a37,ACTED_IN,m234
m234,HAS_GENRE,g9
d2,DIRECTED,m235
a29,ACTED_IN,m235
a149,ACTED_IN,m235
a26,ACTED_IN,m235
a126,ACTED_IN,m235
m235,HAS_GENRE,g8
d32,DIRECTED,m236
a33,ACTED_IN,m236
a139,ACTED_IN,m236
m236,HAS_GENRE,g4
d6,DIRECTED,m237
a92,ACTED_IN,m237
a32,ACTED_IN,m237
a29,ACTED_IN,m237
m237,HAS_GENRE,g10
d6,DIRECTED,m238
a149,ACTED_IN,m238
a83,ACTED_IN,m238
a96,ACTED_IN,m238
m238,HAS_GENRE,g5
d38,DIRECTED,m239
a46,ACTED_IN,m239
a119,ACTED_IN,m239
a74,ACTED_IN,m239
m239,HAS_GENRE,g4
d29,DIRECTED,m240
a5,ACTED_IN,m240
a63,ACTED_IN,m240
a68,ACTED_IN,m240
m240,HAS_GENRE,g0
d1,DIRECTED,m241
a98,ACTED_IN,m241
a121,ACTED_IN,m241
a111,ACTED_IN,m241
a5,ACTED_IN,m241
m241,HAS_GENRE,g2
d10,DIRECTED,m242
a40,ACTED_IN,m242
a116,ACTED_IN,m242
m242,HAS_GENRE,g6
d19,DIRECTED,m243
a139,ACTED_IN,m243
a73,ACTED_IN,m243
m243,HAS_GENRE,g3
d38,DIRECTED,m244
a11,ACTED_IN,m244
a20,ACTED_IN,m244
a127,ACTED_IN,m244
a148,ACTED_IN,m244
m244,HAS_GENRE,g9
d7,DIRECTED,m245
a83,ACTED_IN,m245
a99,ACTED_IN,m245
a149,ACTED_IN,m245
a126,ACTED_IN,m245
m245,HAS_GENRE,g1
d18,DIRECTED,m246
a131,ACTED_IN,m246
a34,ACTED_IN,m246
a117,ACTED_IN,m246
m246,HAS_GENRE,g11
d20,DIRECTED,m247
a6,ACTED_IN,m247
a142,ACTED_IN,m247
a125,ACTED_IN,m247
a62,ACTED_IN,m247
m247,HAS_GENRE,g7
d11,DIRECTED,m248
a102,ACTED_IN,m248
a123,ACTED_IN,m248
a32,ACTED_IN,m248
a104,ACTED_IN,m248
a13,ACTED_IN,m248
m248,HAS_GENRE,g4
d26,DIRECTED,m249
a25,ACTED_IN,m249
a1,ACTED_IN,m249
m249,HAS_GENRE,g8
d12,DIRECTED,m250
a75,ACTED_IN,m250
a38,ACTED_IN,m250
a69,ACTED_IN,m250
a88,ACTED_IN,m250
m250,HAS_GENRE,g10
d24,DIRECTED,m251
a68,ACTED_IN,m251
a125,ACTED_IN,m251
a36,ACTED_IN,m251
m251,HAS_GENRE,g7
d27,DIRECTED,m252
a26,ACTED_IN,m252
a124,ACTED_IN,m252
a59,ACTED_IN,m252
a130,ACTED_IN,m252
m252,HAS_GENRE,g0
d2,DIRECTED,m253
a17,ACTED_IN,m253
a97,ACTED_IN,m253
a51,ACTED_IN,m253
m253,HAS_GENRE,g4
d34,DIRECTED,m254
a89,ACTED_IN,m254
a76,ACTED_IN,m254
a119,ACTED_IN,m254
a14,ACTED_IN,m254
a105,ACTED_IN,m254
m254,HAS_GENRE,g10
d20,DIRECTED,m255
a130,ACTED_IN,m255
a92,ACTED_IN,m255
a13,ACTED_IN,m255
a143,ACTED_IN,m255
a149,ACTED_IN,m255
m255,HAS_GENRE,g8
d28,DIRECTED,m256
a7,ACTED_IN,m256
a74,ACTED_IN,m256
a148,ACTED_IN,m256
a23,ACTED_IN,m256
m256,HAS_GENRE,g10
d7,DIRECTED,m257
a132,ACTED_IN,m257
a60,ACTED_IN,m257
a26,ACTED_IN,m257
m257,HAS_GENRE,g10
d1,DIRECTED,m258
a120,ACTED_IN,m258
a49,ACTED_IN,m258
m258,HAS_GENRE,g11
d28,DIRECTED,m259
a125,ACTED_IN,m259
a62,ACTED_IN,m259
a47,ACTED_IN,m259
a57,ACTED_IN,m259
m259,HAS_GENRE,g11
d28,DIRECTED,m260
a19,ACTED_IN,m260
a96,ACTED_IN,m260
m260,HAS_GENRE,g5
d38,DIRECTED,m261
a44,ACTED_IN,m261
a76,ACTED_IN,m261
a91,ACTED_IN,m261
a9,ACTED_IN,m261
a5,ACTED_IN,m261
m261,HAS_GENRE,g1
d11,DIRECTED,m262
a44,ACTED_IN,m262
a133,ACTED_IN,m262
a44,ACTED_IN,m262
a13,ACTED_IN,m262
a48,ACTED_IN,m262
m262,HAS_GENRE,g4
d5,DIRECTED,m263
a80,ACTED_IN,m263
a44,ACTED_IN,m263
a102,ACTED_IN,m263
a124,ACTED_IN,m263
m263,HAS_GENRE,g7
d8,DIRECTED,m264
a139,ACTED_IN,m264
a146,ACTED_IN,m264
a55,ACTED_IN,m264
a119,ACTED_IN,m264
a50,ACTED_IN,m264
m264,HAS_GENRE,g0
d18,DIRECTED,m265
a26,ACTED_IN,m265
a31,ACTED_IN,m265
a133,ACTED_IN,m265
m265,HAS_GENRE,g8
d19,DIRECTED,m266
a32,ACTED_IN,m266
a29,ACTED_IN,m266
m266,HAS_GENRE,g10
d12,DIRECTED,m267
a67,ACTED_IN,m267
a5,ACTED_IN,m267
a129,ACTED_IN,m267
m267,HAS_GENRE,g4
d17,DIRECTED,m268
a126,ACTED_IN,m268
a29,ACTED_IN,m268
a39,ACTED_IN,m268
a92,ACTED_IN,m268
m268,HAS_GENRE,g3
d13,DIRECTED,m269
a136,ACTED_IN,m269
a100,ACTED_IN,m269
a98,ACTED_IN,m269
a54,ACTED_IN,m269
m269,HAS_GENRE,g4
d39,DIRECTED,m270
a89,ACTED_IN,m270
a74,ACTED_IN,m270
a98,ACTED_IN,m270
a111,ACTED_IN,m270
a48,ACTED_IN,m270
m270,HAS_GENRE,g0
d37,DIRECTED,m271
a38,ACTED_IN,m271
a97,ACTED_IN,m271
a18,ACTED_IN,m271
a53,ACTED_IN,m271
a12,ACTED_IN,m271
m271,HAS_GENRE,g4
d22,DIRECTED,m272
a35,ACTED_IN,m272
a15,ACTED_IN,m272
a11,ACTED_IN,m272
m272,HAS_GENRE,g1
d24,DIRECTED,m273
a113,ACTED_IN,m273
a137,ACTED_IN,m273
a0,ACTED_IN,m273
a35,ACTED_IN,m273
a24,ACTED_IN,m273
m273,HAS_GENRE,g11
d33,DIRECTED,m274
a36,ACTED_IN,m274
a100,ACTED_IN,m274
m274,HAS_GENRE,g0
d0,DIRECTED,m275
a61,ACTED_IN,m275
a7,ACTED_IN,m275
a118,ACTED_IN,m275
m275,HAS_GENRE,g4
d25,DIRECTED,m276
a130,ACTED_IN,m276
a139,ACTED_IN,m276
a23,ACTED_IN,m276
a5,ACTED_IN,m276
m276,HAS_GENRE,g0
d35,DIRECTED,m277
a62,ACTED_IN,m277
a15,ACTED_IN,m277
m277,HAS_GENRE,g2
d7,DIRECTED,m278
a130,ACTED_IN,m278
a25,ACTED_IN,m278
a33,ACTED_IN,m278
a146,ACTED_IN,m278
m278,HAS_GENRE,g3
d36,DIRECTED,m279
a148,ACTED_IN,m279
a14,ACTED_IN,m279
a61,ACTED_IN,m279
m279,HAS_GENRE,g5
d27,DIRECTED,m280
a60,ACTED_IN,m280
a44,ACTED_IN,m280
m280,HAS_GENRE,g2
d20,DIRECTED,m281
a68,ACTED_IN,m281
a141,ACTED_IN,m281
m281,HAS_GENRE,g6
d34,DIRECTED,m282
a63,ACTED_IN,m282
a19,ACTED_IN,m282
a149,ACTED_IN,m282
a115,ACTED_IN,m282
a66,ACTED_IN,m282
m282,HAS_GENRE,g1
d37,DIRECTED,m283
a0,ACTED_IN,m283
a32,ACTED_IN,m283
m283,HAS_GENRE,g8
d35,DIRECTED,m284
a114,ACTED_IN,m284
a99,ACTED_IN,m284
a147,ACTED_IN,m284
m284,HAS_GENRE,g1
d24,DIRECTED,m285
a114,ACTED_IN,m285
a99,ACTED_IN,m285
a115,ACTED_IN,m285
a12,ACTED_IN,m285
a33,ACTED_IN,m285
m285,HAS_GENRE,g4
d13,DIRECTED,m286
a63,ACTED_IN,m286
a75,ACTED_IN,m286
a144,ACTED_IN,m286
a38,ACTED_IN,m286
m286,HAS_GENRE,g11
d16,DIRECTED,m287
a95,ACTED_IN,m287
a15,ACTED_IN,m287
a0,ACTED_IN,m287
m287,HAS_GENRE,g8
d16,DIRECTED,m288
a87,ACTED_IN,m288
a135,ACTED_IN,m288
a128,ACTED_IN,m288
a39,ACTED_IN,m288
m288,HAS_GENRE,g11
d8,DIRECTED,m289
a86,ACTED_IN,m289
a110,ACTED_IN,m289
a60,ACTED_IN,m289
a41,ACTED_IN,m289
m289,HAS_GENRE,g7
d34,DIRECTED,m290
a27,ACTED_IN,m290
a85,ACTED_IN,m290
a90,ACTED_IN,m290
m290,HAS_GENRE,g3
d2,DIRECTED,m291
a73,ACTED_IN,m291
a26,ACTED_IN,m291
m291,HAS_GENRE,g8
d19,DIRECTED,m292
a137,ACTED_IN,m292
a17,ACTED_IN,m292
a55,ACTED_IN,m292
m292,HAS_GENRE,g8
d35,DIRECTED,m293
a1,ACTED_IN,m293
a55,ACTED_IN,m293
a40,ACTED_IN,m293
a96,ACTED_IN,m293
m293,HAS_GENRE,g1
d32,DIRECTED,m294
a98,ACTED_IN,m294
a47,ACTED_IN,m294
a38,ACTED_IN,m294
a110,ACTED_IN,m294
a14,ACTED_IN,m294
m294,HAS_GENRE,g3
d20,DIRECTED,m295
a102,ACTED_IN,m295
a64,ACTED_IN,m295
m295,HAS_GENRE,g5
d21,DIRECTED,m296
a80,ACTED_IN,m296
a109,ACTED_IN,m296
a131,ACTED_IN,m296
a6,ACTED_IN,m296
m296,HAS_GENRE,g1
d38,DIRECTED,m297
a36,ACTED_IN,m297
a140,ACTED_IN,m297
m297,HAS_GENRE,g7
d10,DIRECTED,m298
a31,ACTED_IN,m298
a36,ACTED_IN,m298
a125,ACTED_IN,m298
a80,ACTED_IN,m298
m298,HAS_GENRE,g8
d18,DIRECTED,m299
a133,ACTED_IN,m299
a124,ACTED_IN,m299
m299,HAS_GENRE,g8
